tp3,TP-LINK_E630,c0:25:e9:7a:e6:2f,-63,2442
tp3,TP-LINK_E630,c0:25:e9:7a:e6:2f,-63,2442
tp3,TP-LINK_E630,c0:25:e9:7a:e6:2f,-63,2442
tp3,TP-LINK_E630,c0:25:e9:7a:e6:2f,-63,2442
tp3,TP-LINK_E630,c0:25:e9:7a:e6:2f,-63,2442
tp3,TP-LINK_E630,c0:25:e9:7a:e6:2f,-63,2442
tp3,TP-LINK_E630,c0:25:e9:7a:e6:2f,-63,2442
tp3,TP-LINK_E630,c0:25:e9:7a:e6:2f,-63,2442
tp3,TP-LINK_E630,c0:25:e9:7a:e6:2f,-63,2442
tp3,TP-LINK_E630,c0:25:e9:7a:e6:2f,-63,2442
tp3,TP-LINK_E630,c0:25:e9:7a:e6:2f,-63,2442
tp3,TP-LINK_E630,c0:25:e9:7a:e6:2f,-63,2442
tp3,TP-LINK_E630,c0:25:e9:7a:e6:2f,-63,2442
tp3,TP-LINK_E630,c0:25:e9:7a:e6:2f,-63,2442
tp3,TP-LINK_E630,c0:25:e9:7a:e6:2f,-63,2442
tp3,TP-LINK_E630,c0:25:e9:7a:e6:2f,-63,2442
tp3,TP-LINK_E630,c0:25:e9:7a:e6:2f,-63,2442
tp3,TP-LINK_E630,c0:25:e9:7a:e6:2f,-63,2442
tp3,TP-LINK_E630,c0:25:e9:7a:e6:2f,-63,2442
tp3,TP-LINK_E630,c0:25:e9:7a:e6:2f,-63,2442
tp3,TP-LINK_E630,c0:25:e9:7a:e6:2f,-63,2442
tp3,TP-LINK_E630,c0:25:e9:7a:e6:2f,-63,2442
tp3,TP-LINK_E630,c0:25:e9:7a:e6:2f,-63,2442
tp3,TP-LINK_E630,c0:25:e9:7a:e6:2f,-63,2442
tp3,TP-LINK_E630,c0:25:e9:7a:e6:2f,-63,2442
tp3,TP-LINK_E630,c0:25:e9:7a:e6:2f,-63,2442
tp3,TP-LINK_E630,c0:25:e9:7a:e6:2f,-63,2442
tp3,TP-LINK_E630,c0:25:e9:7a:e6:2f,-63,2442
tp3,TP-LINK_E630,c0:25:e9:7a:e6:2f,-63,2442
tp3,TP-LINK_E630,c0:25:e9:7a:e6:2f,-66,2442
tp3,TP-LINK_E630,c0:25:e9:7a:e6:2f,-66,2442
tp3,TP-LINK_E630,c0:25:e9:7a:e6:2f,-66,2442
tp3,TP-LINK_E630,c0:25:e9:7a:e6:2f,-66,2442
tp3,TP-LINK_E630,c0:25:e9:7a:e6:2f,-66,2442
tp3,TP-LINK_E630,c0:25:e9:7a:e6:2f,-66,2442
tp3,TP-LINK_E630,c0:25:e9:7a:e6:2f,-66,2442
tp3,TP-LINK_E630,c0:25:e9:7a:e6:2f,-66,2442
tp3,TP-LINK_E630,c0:25:e9:7a:e6:2f,-66,2442
tp3,TP-LINK_E630,c0:25:e9:7a:e6:2f,-66,2442
tp3,TP-LINK_E630,c0:25:e9:7a:e6:2f,-66,2442
tp3,TP-LINK_E630,c0:25:e9:7a:e6:2f,-66,2442
tp3,TP-LINK_E630,c0:25:e9:7a:e6:2f,-66,2442
tp3,TP-LINK_E630,c0:25:e9:7a:e6:2f,-66,2442
tp3,TP-LINK_E630,c0:25:e9:7a:e6:2f,-66,2442
tp3,TP-LINK_E630,c0:25:e9:7a:e6:2f,-66,2442
tp3,TP-LINK_E630,c0:25:e9:7a:e6:2f,-66,2442
tp3,TP-LINK_E630,c0:25:e9:7a:e6:2f,-66,2442
tp3,TP-LINK_E630,c0:25:e9:7a:e6:2f,-66,2442
tp3,TP-LINK_E630,c0:25:e9:7a:e6:2f,-66,2442
tp3,TP-LINK_E630,c0:25:e9:7a:e6:2f,-66,2442
tp3,TP-LINK_E630,c0:25:e9:7a:e6:2f,-66,2442
tp3,TP-LINK_E630,c0:25:e9:7a:e6:2f,-66,2442
tp3,TP-LINK_E630,c0:25:e9:7a:e6:2f,-66,2442
tp3,TP-LINK_E630,c0:25:e9:7a:e6:2f,-66,2442
tp3,TP-LINK_E630,c0:25:e9:7a:e6:2f,-66,2442
tp3,TP-LINK_E630,c0:25:e9:7a:e6:2f,-66,2442
tp3,TP-LINK_E630,c0:25:e9:7a:e6:2f,-66,2442
tp3,TP-LINK_E630,c0:25:e9:7a:e6:2f,-66,2442
tp3,TP-LINK_E630,c0:25:e9:7a:e6:2f,-66,2442
tp3,TP-LINK_E630,c0:25:e9:7a:e6:2f,-66,2442
tp3,TP-LINK_E630,c0:25:e9:7a:e6:2f,-66,2442
tp3,TP-LINK_E630,c0:25:e9:7a:e6:2f,-66,2442
tp3,TP-LINK_E630,c0:25:e9:7a:e6:2f,-66,2442
tp3,TP-LINK_E630,c0:25:e9:7a:e6:2f,-66,2442
tp3,TP-LINK_E630,c0:25:e9:7a:e6:2f,-66,2442
tp3,TP-LINK_E630,c0:25:e9:7a:e6:2f,-66,2442
tp3,TP-LINK_E630,c0:25:e9:7a:e6:2f,-66,2442
tp3,TP-LINK_E630,c0:25:e9:7a:e6:2f,-66,2442
tp3,TP-LINK_E630,c0:25:e9:7a:e6:2f,-66,2442
tp3,TP-LINK_E630,c0:25:e9:7a:e6:2f,-66,2442
tp3,TP-LINK_E630,c0:25:e9:7a:e6:2f,-66,2442
tp3,TP-LINK_E630,c0:25:e9:7a:e6:2f,-66,2442
tp3,TP-LINK_E630,c0:25:e9:7a:e6:2f,-66,2442
tp3,TP-LINK_E630,c0:25:e9:7a:e6:2f,-66,2442
tp3,TP-LINK_E630,c0:25:e9:7a:e6:2f,-66,2442
tp3,TP-LINK_E630,c0:25:e9:7a:e6:2f,-66,2442
tp3,TP-LINK_E630,c0:25:e9:7a:e6:2f,-62,2442
tp3,TP-LINK_E630,c0:25:e9:7a:e6:2f,-62,2442
tp3,TP-LINK_E630,c0:25:e9:7a:e6:2f,-62,2442
tp3,TP-LINK_E630,c0:25:e9:7a:e6:2f,-62,2442
tp3,TP-LINK_E630,c0:25:e9:7a:e6:2f,-62,2442
tp3,TP-LINK_E630,c0:25:e9:7a:e6:2f,-62,2442
tp3,TP-LINK_E630,c0:25:e9:7a:e6:2f,-62,2442
tp3,TP-LINK_E630,c0:25:e9:7a:e6:2f,-62,2442
tp3,TP-LINK_E630,c0:25:e9:7a:e6:2f,-62,2442
tp3,TP-LINK_E630,c0:25:e9:7a:e6:2f,-62,2442
tp3,TP-LINK_E630,c0:25:e9:7a:e6:2f,-62,2442
tp3,TP-LINK_E630,c0:25:e9:7a:e6:2f,-62,2442
tp3,TP-LINK_E630,c0:25:e9:7a:e6:2f,-62,2442
tp3,TP-LINK_E630,c0:25:e9:7a:e6:2f,-62,2442
tp3,TP-LINK_E630,c0:25:e9:7a:e6:2f,-62,2442
tp3,TP-LINK_E630,c0:25:e9:7a:e6:2f,-62,2442
tp3,TP-LINK_E630,c0:25:e9:7a:e6:2f,-62,2442
tp3,TP-LINK_E630,c0:25:e9:7a:e6:2f,-62,2442
tp3,TP-LINK_E630,c0:25:e9:7a:e6:2f,-62,2442
tp3,TP-LINK_E630,c0:25:e9:7a:e6:2f,-62,2442
tp3,TP-LINK_E630,c0:25:e9:7a:e6:2f,-62,2442
tp3,TP-LINK_E630,c0:25:e9:7a:e6:2f,-62,2442
tp3,TP-LINK_E630,c0:25:e9:7a:e6:2f,-62,2442
tp3,TP-LINK_E630,c0:25:e9:7a:e6:2f,-62,2442
tp3,TP-LINK_E630,c0:25:e9:7a:e6:2f,-58,2442
tp3,TP-LINK_E630,c0:25:e9:7a:e6:2f,-58,2442
tp3,TP-LINK_E630,c0:25:e9:7a:e6:2f,-58,2442
tp3,TP-LINK_E630,c0:25:e9:7a:e6:2f,-58,2442
tp3,TP-LINK_E630,c0:25:e9:7a:e6:2f,-58,2442
tp3,TP-LINK_E630,c0:25:e9:7a:e6:2f,-58,2442
tp3,TP-LINK_E630,c0:25:e9:7a:e6:2f,-58,2442
tp3,TP-LINK_E630,c0:25:e9:7a:e6:2f,-58,2442
tp3,TP-LINK_E630,c0:25:e9:7a:e6:2f,-58,2442
tp3,TP-LINK_E630,c0:25:e9:7a:e6:2f,-57,2442
tp3,TP-LINK_E630,c0:25:e9:7a:e6:2f,-57,2442
tp3,TP-LINK_E630,c0:25:e9:7a:e6:2f,-57,2442
tp3,TP-LINK_E630,c0:25:e9:7a:e6:2f,-57,2442
tp3,TP-LINK_E630,c0:25:e9:7a:e6:2f,-57,2442
tp3,TP-LINK_E630,c0:25:e9:7a:e6:2f,-57,2442
tp3,TP-LINK_E630,c0:25:e9:7a:e6:2f,-57,2442
tp3,TP-LINK_E630,c0:25:e9:7a:e6:2f,-57,2442
tp3,TP-LINK_E630,c0:25:e9:7a:e6:2f,-57,2442
tp3,TP-LINK_E630,c0:25:e9:7a:e6:2f,-57,2442
tp3,TP-LINK_E630,c0:25:e9:7a:e6:2f,-57,2442
tp3,TP-LINK_E630,c0:25:e9:7a:e6:2f,-57,2442
tp3,TP-LINK_E630,c0:25:e9:7a:e6:2f,-57,2442
tp3,TP-LINK_E630,c0:25:e9:7a:e6:2f,-57,2442
tp3,TP-LINK_E630,c0:25:e9:7a:e6:2f,-57,2442
tp3,TP-LINK_E630,c0:25:e9:7a:e6:2f,-57,2442
tp3,TP-LINK_E630,c0:25:e9:7a:e6:2f,-57,2442
tp3,TP-LINK_E630,c0:25:e9:7a:e6:2f,-57,2442
tp3,TP-LINK_E630,c0:25:e9:7a:e6:2f,-57,2442
tp3,TP-LINK_E630,c0:25:e9:7a:e6:2f,-57,2442
tp3,TP-LINK_E630,c0:25:e9:7a:e6:2f,-57,2442
tp3,TP-LINK_E630,c0:25:e9:7a:e6:2f,-57,2442
tp3,TP-LINK_E630,c0:25:e9:7a:e6:2f,-57,2442
tp3,TP-LINK_E630,c0:25:e9:7a:e6:2f,-57,2442
tp3,TP-LINK_E630,c0:25:e9:7a:e6:2f,-57,2442
tp3,TP-LINK_E630,c0:25:e9:7a:e6:2f,-57,2442
tp3,TP-LINK_E630,c0:25:e9:7a:e6:2f,-57,2442
tp3,TP-LINK_E630,c0:25:e9:7a:e6:2f,-57,2442
tp3,TP-LINK_E630,c0:25:e9:7a:e6:2f,-57,2442
tp3,TP-LINK_E630,c0:25:e9:7a:e6:2f,-57,2442
tp3,TP-LINK_E630,c0:25:e9:7a:e6:2f,-57,2442
tp3,TP-LINK_E630,c0:25:e9:7a:e6:2f,-57,2442
tp3,TP-LINK_E630,c0:25:e9:7a:e6:2f,-57,2442
tp3,TP-LINK_E630,c0:25:e9:7a:e6:2f,-57,2442
tp3,TP-LINK_E630,c0:25:e9:7a:e6:2f,-57,2442
tp3,TP-LINK_E630,c0:25:e9:7a:e6:2f,-57,2442
tp3,TP-LINK_E630,c0:25:e9:7a:e6:2f,-57,2442
tp3,TP-LINK_E630,c0:25:e9:7a:e6:2f,-57,2442
tp3,TP-LINK_E630,c0:25:e9:7a:e6:2f,-57,2442
tp3,TP-LINK_E630,c0:25:e9:7a:e6:2f,-57,2442
tp3,TP-LINK_E630,c0:25:e9:7a:e6:2f,-57,2442
tp3,TP-LINK_E630,c0:25:e9:7a:e6:2f,-57,2442
tp3,TP-LINK_E630,c0:25:e9:7a:e6:2f,-57,2442
tp3,TP-LINK_E630,c0:25:e9:7a:e6:2f,-57,2442
tp3,TP-LINK_E630,c0:25:e9:7a:e6:2f,-57,2442
tp3,TP-LINK_E630,c0:25:e9:7a:e6:2f,-57,2442
tp3,TP-LINK_E630,c0:25:e9:7a:e6:2f,-57,2442
tp3,TP-LINK_E630,c0:25:e9:7a:e6:2f,-57,2442
tp3,TP-LINK_E630,c0:25:e9:7a:e6:2f,-57,2442
tp3,TP-LINK_E630,c0:25:e9:7a:e6:2f,-57,2442
tp3,TP-LINK_E630,c0:25:e9:7a:e6:2f,-57,2442
tp3,TP-LINK_E630,c0:25:e9:7a:e6:2f,-57,2442
tp3,TP-LINK_E630,c0:25:e9:7a:e6:2f,-59,2442
tp3,TP-LINK_E630,c0:25:e9:7a:e6:2f,-59,2442
tp3,TP-LINK_E630,c0:25:e9:7a:e6:2f,-59,2442
tp3,TP-LINK_E630,c0:25:e9:7a:e6:2f,-59,2442
tp3,TP-LINK_E630,c0:25:e9:7a:e6:2f,-59,2442
tp3,TP-LINK_E630,c0:25:e9:7a:e6:2f,-59,2442
tp3,TP-LINK_E630,c0:25:e9:7a:e6:2f,-59,2442
tp3,TP-LINK_E630,c0:25:e9:7a:e6:2f,-59,2442
tp3,TP-LINK_E630,c0:25:e9:7a:e6:2f,-59,2442
tp3,TP-LINK_E630,c0:25:e9:7a:e6:2f,-59,2442
tp3,TP-LINK_E630,c0:25:e9:7a:e6:2f,-59,2442
tp3,TP-LINK_E630,c0:25:e9:7a:e6:2f,-59,2442
tp3,TP-LINK_E630,c0:25:e9:7a:e6:2f,-59,2442
tp3,TP-LINK_E630,c0:25:e9:7a:e6:2f,-59,2442
tp3,TP-LINK_E630,c0:25:e9:7a:e6:2f,-59,2442
tp3,TP-LINK_E630,c0:25:e9:7a:e6:2f,-59,2442
tp3,TP-LINK_E630,c0:25:e9:7a:e6:2f,-59,2442
tp3,TP-LINK_E630,c0:25:e9:7a:e6:2f,-59,2442
tp3,TP-LINK_E630,c0:25:e9:7a:e6:2f,-59,2442
tp3,TP-LINK_E630,c0:25:e9:7a:e6:2f,-59,2442
tp3,TP-LINK_E630,c0:25:e9:7a:e6:2f,-59,2442
tp3,TP-LINK_E630,c0:25:e9:7a:e6:2f,-59,2442
tp3,TP-LINK_E630,c0:25:e9:7a:e6:2f,-59,2442
tp3,TP-LINK_E630,c0:25:e9:7a:e6:2f,-59,2442
tp3,TP-LINK_E630,c0:25:e9:7a:e6:2f,-63,2442
tp3,TP-LINK_E630,c0:25:e9:7a:e6:2f,-63,2442
tp3,TP-LINK_E630,c0:25:e9:7a:e6:2f,-63,2442
tp3,TP-LINK_E630,c0:25:e9:7a:e6:2f,-63,2442
tp3,TP-LINK_E630,c0:25:e9:7a:e6:2f,-63,2442
tp3,TP-LINK_E630,c0:25:e9:7a:e6:2f,-63,2442
tp3,TP-LINK_E630,c0:25:e9:7a:e6:2f,-63,2442
tp3,TP-LINK_E630,c0:25:e9:7a:e6:2f,-63,2442
tp3,TP-LINK_E630,c0:25:e9:7a:e6:2f,-63,2442
tp3,TP-LINK_E630,c0:25:e9:7a:e6:2f,-63,2442
tp3,TP-LINK_E630,c0:25:e9:7a:e6:2f,-63,2442
tp3,TP-LINK_E630,c0:25:e9:7a:e6:2f,-63,2442
tp3,TP-LINK_E630,c0:25:e9:7a:e6:2f,-63,2442
tp3,TP-LINK_E630,c0:25:e9:7a:e6:2f,-63,2442
tp3,TP-LINK_E630,c0:25:e9:7a:e6:2f,-63,2442
tp3,TP-LINK_E630,c0:25:e9:7a:e6:2f,-63,2442
tp3,TP-LINK_E630,c0:25:e9:7a:e6:2f,-63,2442
tp3,TP-LINK_E630,c0:25:e9:7a:e6:2f,-63,2442
tp3,TP-LINK_E630,c0:25:e9:7a:e6:2f,-63,2442
tp3,TP-LINK_E630,c0:25:e9:7a:e6:2f,-63,2442
tp3,TP-LINK_E630,c0:25:e9:7a:e6:2f,-63,2442
tp3,TP-LINK_E630,c0:25:e9:7a:e6:2f,-63,2442
tp3,TP-LINK_E630,c0:25:e9:7a:e6:2f,-63,2442
tp3,TP-LINK_E630,c0:25:e9:7a:e6:2f,-63,2442
tp3,TP-LINK_E630,c0:25:e9:7a:e6:2f,-60,2442
tp3,TP-LINK_E630,c0:25:e9:7a:e6:2f,-60,2442
tp3,TP-LINK_E630,c0:25:e9:7a:e6:2f,-60,2442
tp3,TP-LINK_E630,c0:25:e9:7a:e6:2f,-60,2442
tp3,TP-LINK_E630,c0:25:e9:7a:e6:2f,-60,2442
tp3,TP-LINK_E630,c0:25:e9:7a:e6:2f,-60,2442
tp3,TP-LINK_E630,c0:25:e9:7a:e6:2f,-60,2442
tp3,TP-LINK_E630,c0:25:e9:7a:e6:2f,-60,2442
tp3,TP-LINK_E630,c0:25:e9:7a:e6:2f,-60,2442
tp3,TP-LINK_E630,c0:25:e9:7a:e6:2f,-60,2442
tp3,TP-LINK_E630,c0:25:e9:7a:e6:2f,-60,2442
tp3,TP-LINK_E630,c0:25:e9:7a:e6:2f,-60,2442
tp3,TP-LINK_E630,c0:25:e9:7a:e6:2f,-60,2442
tp3,TP-LINK_E630,c0:25:e9:7a:e6:2f,-60,2442
tp3,TP-LINK_E630,c0:25:e9:7a:e6:2f,-60,2442
tp3,TP-LINK_E630,c0:25:e9:7a:e6:2f,-60,2442
tp3,TP-LINK_E630,c0:25:e9:7a:e6:2f,-60,2442
tp3,TP-LINK_E630,c0:25:e9:7a:e6:2f,-60,2442
tp3,TP-LINK_E630,c0:25:e9:7a:e6:2f,-60,2442
tp3,TP-LINK_E630,c0:25:e9:7a:e6:2f,-60,2442
tp3,TP-LINK_E630,c0:25:e9:7a:e6:2f,-60,2442
tp3,TP-LINK_E630,c0:25:e9:7a:e6:2f,-60,2442
tp3,TP-LINK_E630,c0:25:e9:7a:e6:2f,-60,2442
tp3,TP-LINK_E630,c0:25:e9:7a:e6:2f,-60,2442
tp3,TP-LINK_E630,c0:25:e9:7a:e6:2f,-60,2442
tp3,TP-LINK_E630,c0:25:e9:7a:e6:2f,-60,2442
tp3,TP-LINK_E630,c0:25:e9:7a:e6:2f,-60,2442
tp3,TP-LINK_E630,c0:25:e9:7a:e6:2f,-60,2442
tp3,TP-LINK_E630,c0:25:e9:7a:e6:2f,-60,2442
tp3,TP-LINK_E630,c0:25:e9:7a:e6:2f,-60,2442
tp3,TP-LINK_E630,c0:25:e9:7a:e6:2f,-60,2442
tp3,TP-LINK_E630,c0:25:e9:7a:e6:2f,-60,2442
tp3,TP-LINK_E630,c0:25:e9:7a:e6:2f,-60,2442
tp3,TP-LINK_E630,c0:25:e9:7a:e6:2f,-60,2442
tp3,TP-LINK_E630,c0:25:e9:7a:e6:2f,-60,2442
tp3,TP-LINK_E630,c0:25:e9:7a:e6:2f,-60,2442
tp3,TP-LINK_E630,c0:25:e9:7a:e6:2f,-60,2442
tp3,TP-LINK_E630,c0:25:e9:7a:e6:2f,-60,2442
tp3,TP-LINK_E630,c0:25:e9:7a:e6:2f,-60,2442
tp3,TP-LINK_E630,c0:25:e9:7a:e6:2f,-60,2442
tp3,TP-LINK_E630,c0:25:e9:7a:e6:2f,-60,2442
tp3,TP-LINK_E630,c0:25:e9:7a:e6:2f,-60,2442
tp3,TP-LINK_E630,c0:25:e9:7a:e6:2f,-60,2442
tp3,TP-LINK_E630,c0:25:e9:7a:e6:2f,-60,2442
tp3,TP-LINK_E630,c0:25:e9:7a:e6:2f,-60,2442
tp3,TP-LINK_E630,c0:25:e9:7a:e6:2f,-60,2442
tp3,TP-LINK_E630,c0:25:e9:7a:e6:2f,-60,2442
tp3,TP-LINK_E630,c0:25:e9:7a:e6:2f,-60,2442
tp3,TP-LINK_E630,c0:25:e9:7a:e6:2f,-60,2442
tp3,TP-LINK_E630,c0:25:e9:7a:e6:2f,-60,2442
tp3,TP-LINK_E630,c0:25:e9:7a:e6:2f,-60,2442
tp3,TP-LINK_E630,c0:25:e9:7a:e6:2f,-60,2442
tp3,TP-LINK_E630,c0:25:e9:7a:e6:2f,-60,2442
tp3,TP-LINK_E630,c0:25:e9:7a:e6:2f,-60,2442
tp3,TP-LINK_E630,c0:25:e9:7a:e6:2f,-60,2442
tp3,TP-LINK_E630,c0:25:e9:7a:e6:2f,-60,2442
tp3,TP-LINK_E630,c0:25:e9:7a:e6:2f,-60,2442
tp3,TP-LINK_E630,c0:25:e9:7a:e6:2f,-60,2442
tp3,TP-LINK_E630,c0:25:e9:7a:e6:2f,-60,2442
tp3,TP-LINK_E630,c0:25:e9:7a:e6:2f,-60,2442
tp3,TP-LINK_E630,c0:25:e9:7a:e6:2f,-60,2442
tp3,TP-LINK_E630,c0:25:e9:7a:e6:2f,-60,2442
tp3,TP-LINK_E630,c0:25:e9:7a:e6:2f,-60,2442
tp3,TP-LINK_E630,c0:25:e9:7a:e6:2f,-60,2442
tp3,TP-LINK_E630,c0:25:e9:7a:e6:2f,-60,2442
tp3,TP-LINK_E630,c0:25:e9:7a:e6:2f,-60,2442
tp3,TP-LINK_E630,c0:25:e9:7a:e6:2f,-60,2442
tp3,TP-LINK_E630,c0:25:e9:7a:e6:2f,-60,2442
tp3,TP-LINK_E630,c0:25:e9:7a:e6:2f,-60,2442
tp3,TP-LINK_E630,c0:25:e9:7a:e6:2f,-60,2442
tp3,TP-LINK_E630,c0:25:e9:7a:e6:2f,-60,2442
tp3,TP-LINK_E630,c0:25:e9:7a:e6:2f,-60,2442
tp3,TP-LINK_E630,c0:25:e9:7a:e6:2f,-60,2442
tp3,TP-LINK_E630,c0:25:e9:7a:e6:2f,-60,2442
tp3,TP-LINK_E630,c0:25:e9:7a:e6:2f,-60,2442
tp3,TP-LINK_E630,c0:25:e9:7a:e6:2f,-60,2442
tp3,TP-LINK_E630,c0:25:e9:7a:e6:2f,-60,2442
tp3,TP-LINK_E630,c0:25:e9:7a:e6:2f,-60,2442
tp3,TP-LINK_E630,c0:25:e9:7a:e6:2f,-60,2442
tp3,TP-LINK_E630,c0:25:e9:7a:e6:2f,-60,2442
tp3,TP-LINK_E630,c0:25:e9:7a:e6:2f,-60,2442
tp3,TP-LINK_E630,c0:25:e9:7a:e6:2f,-60,2442
tp3,TP-LINK_E630,c0:25:e9:7a:e6:2f,-60,2442
tp3,TP-LINK_E630,c0:25:e9:7a:e6:2f,-60,2442
tp3,TP-LINK_E630,c0:25:e9:7a:e6:2f,-60,2442
tp3,TP-LINK_E630,c0:25:e9:7a:e6:2f,-60,2442
tp3,TP-LINK_E630,c0:25:e9:7a:e6:2f,-60,2442
tp3,TP-LINK_E630,c0:25:e9:7a:e6:2f,-60,2442
tp3,TP-LINK_E630,c0:25:e9:7a:e6:2f,-60,2442
tp3,TP-LINK_E630,c0:25:e9:7a:e6:2f,-60,2442
tp3,TP-LINK_E630,c0:25:e9:7a:e6:2f,-60,2442
tp3,TP-LINK_E630,c0:25:e9:7a:e6:2f,-60,2442
tp3,TP-LINK_E630,c0:25:e9:7a:e6:2f,-60,2442
tp3,TP-LINK_E630,c0:25:e9:7a:e6:2f,-60,2442
tp3,TP-LINK_E630,c0:25:e9:7a:e6:2f,-60,2442
tp3,TP-LINK_E630,c0:25:e9:7a:e6:2f,-60,2442
tp3,TP-LINK_E630,c0:25:e9:7a:e6:2f,-60,2442
tp3,TP-LINK_E630,c0:25:e9:7a:e6:2f,-60,2442
tp3,TP-LINK_E630,c0:25:e9:7a:e6:2f,-60,2442
tp3,TP-LINK_E630,c0:25:e9:7a:e6:2f,-60,2442
tp3,TP-LINK_E630,c0:25:e9:7a:e6:2f,-60,2442
tp3,TP-LINK_E630,c0:25:e9:7a:e6:2f,-60,2442
tp3,TP-LINK_E630,c0:25:e9:7a:e6:2f,-60,2442
tp3,TP-LINK_E630,c0:25:e9:7a:e6:2f,-60,2442
tp3,TP-LINK_E630,c0:25:e9:7a:e6:2f,-60,2442
tp3,TP-LINK_E630,c0:25:e9:7a:e6:2f,-60,2442
tp3,TP-LINK_E630,c0:25:e9:7a:e6:2f,-60,2442
tp3,TP-LINK_E630,c0:25:e9:7a:e6:2f,-60,2442
tp3,TP-LINK_E630,c0:25:e9:7a:e6:2f,-60,2442
tp3,TP-LINK_E630,c0:25:e9:7a:e6:2f,-60,2442
tp3,TP-LINK_E630,c0:25:e9:7a:e6:2f,-60,2442
tp3,TP-LINK_E630,c0:25:e9:7a:e6:2f,-60,2442
tp3,TP-LINK_E630,c0:25:e9:7a:e6:2f,-60,2442
tp3,TP-LINK_E630,c0:25:e9:7a:e6:2f,-60,2442
tp3,TP-LINK_E630,c0:25:e9:7a:e6:2f,-60,2442
tp3,TP-LINK_E630,c0:25:e9:7a:e6:2f,-59,2442
tp3,TP-LINK_E630,c0:25:e9:7a:e6:2f,-59,2442
tp3,TP-LINK_E630,c0:25:e9:7a:e6:2f,-59,2442
tp3,TP-LINK_E630,c0:25:e9:7a:e6:2f,-59,2442
tp3,TP-LINK_E630,c0:25:e9:7a:e6:2f,-59,2442
tp3,TP-LINK_E630,c0:25:e9:7a:e6:2f,-59,2442
tp3,TP-LINK_E630,c0:25:e9:7a:e6:2f,-59,2442
tp3,TP-LINK_E630,c0:25:e9:7a:e6:2f,-59,2442
tp3,TP-LINK_E630,c0:25:e9:7a:e6:2f,-59,2442
tp3,TP-LINK_E630,c0:25:e9:7a:e6:2f,-59,2442
tp3,TP-LINK_E630,c0:25:e9:7a:e6:2f,-59,2442
tp3,TP-LINK_E630,c0:25:e9:7a:e6:2f,-59,2442
tp3,TP-LINK_E630,c0:25:e9:7a:e6:2f,-59,2442
tp3,TP-LINK_E630,c0:25:e9:7a:e6:2f,-59,2442
tp3,TP-LINK_E630,c0:25:e9:7a:e6:2f,-59,2442
tp3,TP-LINK_E630,c0:25:e9:7a:e6:2f,-59,2442
tp3,TP-LINK_E630,c0:25:e9:7a:e6:2f,-59,2442
tp3,TP-LINK_E630,c0:25:e9:7a:e6:2f,-59,2442
tp3,TP-LINK_E630,c0:25:e9:7a:e6:2f,-59,2442
tp3,TP-LINK_E630,c0:25:e9:7a:e6:2f,-59,2442
tp3,TP-LINK_E630,c0:25:e9:7a:e6:2f,-59,2442
tp3,TP-LINK_E630,c0:25:e9:7a:e6:2f,-59,2442
tp3,TP-LINK_E630,c0:25:e9:7a:e6:2f,-59,2442
tp3,TP-LINK_E630,c0:25:e9:7a:e6:2f,-59,2442
tp3,TP-LINK_E630,c0:25:e9:7a:e6:2f,-59,2442
tp3,TP-LINK_E630,c0:25:e9:7a:e6:2f,-59,2442
tp3,TP-LINK_E630,c0:25:e9:7a:e6:2f,-59,2442
tp3,TP-LINK_E630,c0:25:e9:7a:e6:2f,-59,2442
tp3,TP-LINK_E630,c0:25:e9:7a:e6:2f,-59,2442
tp3,TP-LINK_E630,c0:25:e9:7a:e6:2f,-59,2442
tp3,TP-LINK_E630,c0:25:e9:7a:e6:2f,-59,2442
tp3,TP-LINK_E630,c0:25:e9:7a:e6:2f,-59,2442
tp3,TP-LINK_E630,c0:25:e9:7a:e6:2f,-59,2442
tp3,TP-LINK_E630,c0:25:e9:7a:e6:2f,-59,2442
tp3,TP-LINK_E630,c0:25:e9:7a:e6:2f,-59,2442
tp3,TP-LINK_E630,c0:25:e9:7a:e6:2f,-59,2442
tp3,TP-LINK_E630,c0:25:e9:7a:e6:2f,-59,2442
tp3,TP-LINK_E630,c0:25:e9:7a:e6:2f,-59,2442
tp3,TP-LINK_E630,c0:25:e9:7a:e6:2f,-59,2442
tp3,TP-LINK_E630,c0:25:e9:7a:e6:2f,-59,2442
tp3,TP-LINK_E630,c0:25:e9:7a:e6:2f,-59,2442
tp3,TP-LINK_E630,c0:25:e9:7a:e6:2f,-59,2442
tp3,TP-LINK_E630,c0:25:e9:7a:e6:2f,-59,2442
tp3,TP-LINK_E630,c0:25:e9:7a:e6:2f,-59,2442
tp3,TP-LINK_E630,c0:25:e9:7a:e6:2f,-59,2442
tp3,TP-LINK_E630,c0:25:e9:7a:e6:2f,-59,2442
tp3,TP-LINK_E630,c0:25:e9:7a:e6:2f,-59,2442
tp3,TP-LINK_E630,c0:25:e9:7a:e6:2f,-59,2442
tp3,TP-LINK_E630,c0:25:e9:7a:e6:2f,-59,2442
tp3,TP-LINK_E630,c0:25:e9:7a:e6:2f,-59,2442
tp3,TP-LINK_E630,c0:25:e9:7a:e6:2f,-59,2442
tp3,TP-LINK_E630,c0:25:e9:7a:e6:2f,-59,2442
tp3,TP-LINK_E630,c0:25:e9:7a:e6:2f,-59,2442
tp3,TP-LINK_E630,c0:25:e9:7a:e6:2f,-59,2442
tp3,TP-LINK_E630,c0:25:e9:7a:e6:2f,-59,2442
tp3,TP-LINK_E630,c0:25:e9:7a:e6:2f,-59,2442
tp3,TP-LINK_E630,c0:25:e9:7a:e6:2f,-59,2442
tp3,TP-LINK_E630,c0:25:e9:7a:e6:2f,-59,2442
tp3,TP-LINK_E630,c0:25:e9:7a:e6:2f,-59,2442
tp3,TP-LINK_E630,c0:25:e9:7a:e6:2f,-59,2442
tp3,TP-LINK_E630,c0:25:e9:7a:e6:2f,-59,2442
tp3,TP-LINK_E630,c0:25:e9:7a:e6:2f,-59,2442
tp3,TP-LINK_E630,c0:25:e9:7a:e6:2f,-59,2442
tp3,TP-LINK_E630,c0:25:e9:7a:e6:2f,-59,2442
tp3,TP-LINK_E630,c0:25:e9:7a:e6:2f,-59,2442
tp3,TP-LINK_E630,c0:25:e9:7a:e6:2f,-59,2442
tp3,TP-LINK_E630,c0:25:e9:7a:e6:2f,-59,2442
tp3,TP-LINK_E630,c0:25:e9:7a:e6:2f,-59,2442
tp3,TP-LINK_E630,c0:25:e9:7a:e6:2f,-59,2442
tp3,TP-LINK_E630,c0:25:e9:7a:e6:2f,-59,2442
tp3,TP-LINK_E630,c0:25:e9:7a:e6:2f,-59,2442
tp3,TP-LINK_E630,c0:25:e9:7a:e6:2f,-59,2442
tp3,TP-LINK_E630,c0:25:e9:7a:e6:2f,-59,2442
tp3,TP-LINK_E630,c0:25:e9:7a:e6:2f,-59,2442
tp3,TP-LINK_E630,c0:25:e9:7a:e6:2f,-59,2442
tp3,TP-LINK_E630,c0:25:e9:7a:e6:2f,-59,2442
tp3,TP-LINK_E630,c0:25:e9:7a:e6:2f,-59,2442
tp3,TP-LINK_E630,c0:25:e9:7a:e6:2f,-59,2442
tp3,TP-LINK_E630,c0:25:e9:7a:e6:2f,-59,2442
tp3,TP-LINK_E630,c0:25:e9:7a:e6:2f,-59,2442
tp3,TP-LINK_E630,c0:25:e9:7a:e6:2f,-59,2442
tp3,TP-LINK_E630,c0:25:e9:7a:e6:2f,-59,2442
tp3,TP-LINK_E630,c0:25:e9:7a:e6:2f,-59,2442
tp3,TP-LINK_E630,c0:25:e9:7a:e6:2f,-59,2442
tp3,TP-LINK_E630,c0:25:e9:7a:e6:2f,-59,2442
tp3,TP-LINK_E630,c0:25:e9:7a:e6:2f,-59,2442
tp3,TP-LINK_E630,c0:25:e9:7a:e6:2f,-59,2442
tp3,TP-LINK_E630,c0:25:e9:7a:e6:2f,-59,2442
tp3,TP-LINK_E630,c0:25:e9:7a:e6:2f,-59,2442
tp3,TP-LINK_E630,c0:25:e9:7a:e6:2f,-59,2442
tp3,TP-LINK_E630,c0:25:e9:7a:e6:2f,-59,2442
tp3,TP-LINK_E630,c0:25:e9:7a:e6:2f,-59,2442
tp3,TP-LINK_E630,c0:25:e9:7a:e6:2f,-59,2442
tp3,TP-LINK_E630,c0:25:e9:7a:e6:2f,-59,2442
tp3,TP-LINK_E630,c0:25:e9:7a:e6:2f,-60,2442
tp3,TP-LINK_E630,c0:25:e9:7a:e6:2f,-60,2442
tp3,TP-LINK_E630,c0:25:e9:7a:e6:2f,-60,2442
tp3,TP-LINK_E630,c0:25:e9:7a:e6:2f,-60,2442
tp3,TP-LINK_E630,c0:25:e9:7a:e6:2f,-60,2442
tp3,TP-LINK_E630,c0:25:e9:7a:e6:2f,-60,2442
tp3,TP-LINK_E630,c0:25:e9:7a:e6:2f,-60,2442
tp3,TP-LINK_E630,c0:25:e9:7a:e6:2f,-60,2442
tp3,TP-LINK_E630,c0:25:e9:7a:e6:2f,-60,2442
tp3,TP-LINK_E630,c0:25:e9:7a:e6:2f,-60,2442
tp3,TP-LINK_E630,c0:25:e9:7a:e6:2f,-60,2442
tp3,TP-LINK_E630,c0:25:e9:7a:e6:2f,-60,2442
tp3,TP-LINK_E630,c0:25:e9:7a:e6:2f,-60,2442
tp3,TP-LINK_E630,c0:25:e9:7a:e6:2f,-60,2442
tp3,TP-LINK_E630,c0:25:e9:7a:e6:2f,-60,2442
tp3,TP-LINK_E630,c0:25:e9:7a:e6:2f,-60,2442
tp3,TP-LINK_E630,c0:25:e9:7a:e6:2f,-60,2442
tp3,TP-LINK_E630,c0:25:e9:7a:e6:2f,-60,2442
tp3,TP-LINK_E630,c0:25:e9:7a:e6:2f,-60,2442
tp3,TP-LINK_E630,c0:25:e9:7a:e6:2f,-60,2442
tp3,TP-LINK_E630,c0:25:e9:7a:e6:2f,-60,2442
tp3,TP-LINK_E630,c0:25:e9:7a:e6:2f,-60,2442
tp3,TP-LINK_E630,c0:25:e9:7a:e6:2f,-60,2442
tp3,TP-LINK_E630,c0:25:e9:7a:e6:2f,-60,2442
tp3,TP-LINK_E630,c0:25:e9:7a:e6:2f,-60,2442
tp3,TP-LINK_E630,c0:25:e9:7a:e6:2f,-60,2442
tp3,TP-LINK_E630,c0:25:e9:7a:e6:2f,-60,2442
tp3,TP-LINK_E630,c0:25:e9:7a:e6:2f,-60,2442
tp3,TP-LINK_E630,c0:25:e9:7a:e6:2f,-60,2442
tp3,TP-LINK_E630,c0:25:e9:7a:e6:2f,-60,2442
tp3,TP-LINK_E630,c0:25:e9:7a:e6:2f,-60,2442
tp3,TP-LINK_E630,c0:25:e9:7a:e6:2f,-60,2442
tp3,TP-LINK_E630,c0:25:e9:7a:e6:2f,-60,2442
tp3,TP-LINK_E630,c0:25:e9:7a:e6:2f,-60,2442
tp3,TP-LINK_E630,c0:25:e9:7a:e6:2f,-60,2442
tp3,TP-LINK_E630,c0:25:e9:7a:e6:2f,-60,2442
tp3,TP-LINK_E630,c0:25:e9:7a:e6:2f,-60,2442
tp3,TP-LINK_E630,c0:25:e9:7a:e6:2f,-60,2442
tp3,TP-LINK_E630,c0:25:e9:7a:e6:2f,-60,2442
tp3,TP-LINK_E630,c0:25:e9:7a:e6:2f,-60,2442
tp3,TP-LINK_E630,c0:25:e9:7a:e6:2f,-60,2442
tp3,TP-LINK_E630,c0:25:e9:7a:e6:2f,-60,2442
tp3,TP-LINK_E630,c0:25:e9:7a:e6:2f,-60,2442
tp3,TP-LINK_E630,c0:25:e9:7a:e6:2f,-60,2442
tp3,TP-LINK_E630,c0:25:e9:7a:e6:2f,-60,2442
tp3,TP-LINK_E630,c0:25:e9:7a:e6:2f,-60,2442
tp3,TP-LINK_E630,c0:25:e9:7a:e6:2f,-60,2442
tp3,TP-LINK_E630,c0:25:e9:7a:e6:2f,-60,2442
tp3,TP-LINK_E630,c0:25:e9:7a:e6:2f,-61,2442
tp3,TP-LINK_E630,c0:25:e9:7a:e6:2f,-61,2442
tp3,TP-LINK_E630,c0:25:e9:7a:e6:2f,-61,2442
tp3,TP-LINK_E630,c0:25:e9:7a:e6:2f,-61,2442
tp3,TP-LINK_E630,c0:25:e9:7a:e6:2f,-61,2442
tp3,TP-LINK_E630,c0:25:e9:7a:e6:2f,-61,2442
tp3,TP-LINK_E630,c0:25:e9:7a:e6:2f,-61,2442
tp3,TP-LINK_E630,c0:25:e9:7a:e6:2f,-61,2442
tp3,TP-LINK_E630,c0:25:e9:7a:e6:2f,-61,2442
tp3,TP-LINK_E630,c0:25:e9:7a:e6:2f,-61,2442
tp3,TP-LINK_E630,c0:25:e9:7a:e6:2f,-61,2442
tp3,TP-LINK_E630,c0:25:e9:7a:e6:2f,-61,2442
tp3,TP-LINK_E630,c0:25:e9:7a:e6:2f,-61,2442
tp3,TP-LINK_E630,c0:25:e9:7a:e6:2f,-61,2442
tp3,TP-LINK_E630,c0:25:e9:7a:e6:2f,-61,2442
tp3,TP-LINK_E630,c0:25:e9:7a:e6:2f,-61,2442
tp3,TP-LINK_E630,c0:25:e9:7a:e6:2f,-61,2442
tp3,TP-LINK_E630,c0:25:e9:7a:e6:2f,-61,2442
tp3,TP-LINK_E630,c0:25:e9:7a:e6:2f,-61,2442
tp3,TP-LINK_E630,c0:25:e9:7a:e6:2f,-61,2442
tp3,TP-LINK_E630,c0:25:e9:7a:e6:2f,-61,2442
tp3,TP-LINK_E630,c0:25:e9:7a:e6:2f,-61,2442
tp3,TP-LINK_E630,c0:25:e9:7a:e6:2f,-66,2442
tp3,TP-LINK_E630,c0:25:e9:7a:e6:2f,-66,2442
tp3,TP-LINK_E630,c0:25:e9:7a:e6:2f,-66,2442
tp3,TP-LINK_E630,c0:25:e9:7a:e6:2f,-66,2442
tp3,TP-LINK_E630,c0:25:e9:7a:e6:2f,-66,2442
tp3,TP-LINK_E630,c0:25:e9:7a:e6:2f,-66,2442
tp3,TP-LINK_E630,c0:25:e9:7a:e6:2f,-66,2442
tp3,TP-LINK_E630,c0:25:e9:7a:e6:2f,-66,2442
tp3,TP-LINK_E630,c0:25:e9:7a:e6:2f,-66,2442
tp3,TP-LINK_E630,c0:25:e9:7a:e6:2f,-66,2442
tp3,TP-LINK_E630,c0:25:e9:7a:e6:2f,-66,2442
tp3,TP-LINK_E630,c0:25:e9:7a:e6:2f,-66,2442
tp3,TP-LINK_E630,c0:25:e9:7a:e6:2f,-66,2442
tp3,TP-LINK_E630,c0:25:e9:7a:e6:2f,-66,2442
tp3,TP-LINK_E630,c0:25:e9:7a:e6:2f,-66,2442
tp3,TP-LINK_E630,c0:25:e9:7a:e6:2f,-66,2442
tp3,TP-LINK_E630,c0:25:e9:7a:e6:2f,-66,2442
tp3,TP-LINK_E630,c0:25:e9:7a:e6:2f,-66,2442
tp3,TP-LINK_E630,c0:25:e9:7a:e6:2f,-66,2442
tp3,TP-LINK_E630,c0:25:e9:7a:e6:2f,-66,2442
tp3,TP-LINK_E630,c0:25:e9:7a:e6:2f,-66,2442
tp3,TP-LINK_E630,c0:25:e9:7a:e6:2f,-66,2442
tp3,TP-LINK_E630,c0:25:e9:7a:e6:2f,-66,2442
tp3,TP-LINK_E630,c0:25:e9:7a:e6:2f,-66,2442
tp3,TP-LINK_E630,c0:25:e9:7a:e6:2f,-62,2442
tp3,TP-LINK_E630,c0:25:e9:7a:e6:2f,-62,2442
tp3,TP-LINK_E630,c0:25:e9:7a:e6:2f,-62,2442
tp3,TP-LINK_E630,c0:25:e9:7a:e6:2f,-62,2442
tp3,TP-LINK_E630,c0:25:e9:7a:e6:2f,-62,2442
tp3,TP-LINK_E630,c0:25:e9:7a:e6:2f,-62,2442
tp3,TP-LINK_E630,c0:25:e9:7a:e6:2f,-62,2442
tp3,TP-LINK_E630,c0:25:e9:7a:e6:2f,-62,2442
tp3,TP-LINK_E630,c0:25:e9:7a:e6:2f,-62,2442
tp3,TP-LINK_E630,c0:25:e9:7a:e6:2f,-62,2442
tp3,TP-LINK_E630,c0:25:e9:7a:e6:2f,-62,2442
tp3,TP-LINK_E630,c0:25:e9:7a:e6:2f,-62,2442
tp3,TP-LINK_E630,c0:25:e9:7a:e6:2f,-62,2442
tp3,TP-LINK_E630,c0:25:e9:7a:e6:2f,-62,2442
tp3,TP-LINK_E630,c0:25:e9:7a:e6:2f,-62,2442
tp3,TP-LINK_E630,c0:25:e9:7a:e6:2f,-62,2442
tp3,TP-LINK_E630,c0:25:e9:7a:e6:2f,-62,2442
tp3,TP-LINK_E630,c0:25:e9:7a:e6:2f,-62,2442
tp3,TP-LINK_E630,c0:25:e9:7a:e6:2f,-62,2442
tp3,TP-LINK_E630,c0:25:e9:7a:e6:2f,-62,2442
tp3,TP-LINK_E630,c0:25:e9:7a:e6:2f,-62,2442
tp3,TP-LINK_E630,c0:25:e9:7a:e6:2f,-62,2442
tp3,TP-LINK_E630,c0:25:e9:7a:e6:2f,-62,2442
tp3,TP-LINK_E630,c0:25:e9:7a:e6:2f,-62,2442
tp3,TP-LINK_E630,c0:25:e9:7a:e6:2f,-63,2442
tp3,TP-LINK_E630,c0:25:e9:7a:e6:2f,-63,2442
tp3,TP-LINK_E630,c0:25:e9:7a:e6:2f,-63,2442
tp3,TP-LINK_E630,c0:25:e9:7a:e6:2f,-63,2442
tp3,TP-LINK_E630,c0:25:e9:7a:e6:2f,-63,2442
tp3,TP-LINK_E630,c0:25:e9:7a:e6:2f,-63,2442
tp3,TP-LINK_E630,c0:25:e9:7a:e6:2f,-63,2442
tp3,TP-LINK_E630,c0:25:e9:7a:e6:2f,-63,2442
tp3,TP-LINK_E630,c0:25:e9:7a:e6:2f,-63,2442
tp3,TP-LINK_E630,c0:25:e9:7a:e6:2f,-63,2442
tp3,TP-LINK_E630,c0:25:e9:7a:e6:2f,-63,2442
tp3,TP-LINK_E630,c0:25:e9:7a:e6:2f,-63,2442
tp3,TP-LINK_E630,c0:25:e9:7a:e6:2f,-63,2442
tp3,TP-LINK_E630,c0:25:e9:7a:e6:2f,-63,2442
tp3,TP-LINK_E630,c0:25:e9:7a:e6:2f,-63,2442
tp3,TP-LINK_E630,c0:25:e9:7a:e6:2f,-63,2442
tp3,TP-LINK_E630,c0:25:e9:7a:e6:2f,-63,2442
tp3,TP-LINK_E630,c0:25:e9:7a:e6:2f,-63,2442
tp3,TP-LINK_E630,c0:25:e9:7a:e6:2f,-63,2442
tp3,TP-LINK_E630,c0:25:e9:7a:e6:2f,-63,2442
tp3,TP-LINK_E630,c0:25:e9:7a:e6:2f,-63,2442
tp3,TP-LINK_E630,c0:25:e9:7a:e6:2f,-63,2442
tp3,TP-LINK_E630,c0:25:e9:7a:e6:2f,-63,2442
tp3,TP-LINK_E630,c0:25:e9:7a:e6:2f,-63,2442
tp3,TP-LINK_E630,c0:25:e9:7a:e6:2f,-62,2442
tp3,TP-LINK_E630,c0:25:e9:7a:e6:2f,-62,2442
tp3,TP-LINK_E630,c0:25:e9:7a:e6:2f,-62,2442
tp3,TP-LINK_E630,c0:25:e9:7a:e6:2f,-62,2442
tp3,TP-LINK_E630,c0:25:e9:7a:e6:2f,-62,2442
tp3,TP-LINK_E630,c0:25:e9:7a:e6:2f,-62,2442
tp3,TP-LINK_E630,c0:25:e9:7a:e6:2f,-62,2442
tp3,TP-LINK_E630,c0:25:e9:7a:e6:2f,-62,2442
tp3,TP-LINK_E630,c0:25:e9:7a:e6:2f,-62,2442
tp3,TP-LINK_E630,c0:25:e9:7a:e6:2f,-62,2442
tp3,TP-LINK_E630,c0:25:e9:7a:e6:2f,-62,2442
tp3,TP-LINK_E630,c0:25:e9:7a:e6:2f,-62,2442
tp3,TP-LINK_E630,c0:25:e9:7a:e6:2f,-62,2442
tp3,TP-LINK_E630,c0:25:e9:7a:e6:2f,-62,2442
tp3,TP-LINK_E630,c0:25:e9:7a:e6:2f,-62,2442
tp3,TP-LINK_E630,c0:25:e9:7a:e6:2f,-62,2442
tp3,TP-LINK_E630,c0:25:e9:7a:e6:2f,-62,2442
tp3,TP-LINK_E630,c0:25:e9:7a:e6:2f,-62,2442
tp3,TP-LINK_E630,c0:25:e9:7a:e6:2f,-62,2442
tp3,TP-LINK_E630,c0:25:e9:7a:e6:2f,-62,2442
tp3,TP-LINK_E630,c0:25:e9:7a:e6:2f,-62,2442
tp3,TP-LINK_E630,c0:25:e9:7a:e6:2f,-62,2442
tp3,TP-LINK_E630,c0:25:e9:7a:e6:2f,-62,2442
tp3,TP-LINK_E630,c0:25:e9:7a:e6:2f,-62,2442
tp3,TP-LINK_E630,c0:25:e9:7a:e6:2f,-62,2442
tp3,TP-LINK_E630,c0:25:e9:7a:e6:2f,-62,2442
tp3,TP-LINK_E630,c0:25:e9:7a:e6:2f,-62,2442
tp3,TP-LINK_E630,c0:25:e9:7a:e6:2f,-62,2442
tp3,TP-LINK_E630,c0:25:e9:7a:e6:2f,-62,2442
tp3,TP-LINK_E630,c0:25:e9:7a:e6:2f,-62,2442
tp3,TP-LINK_E630,c0:25:e9:7a:e6:2f,-62,2442
tp3,TP-LINK_E630,c0:25:e9:7a:e6:2f,-62,2442
tp3,TP-LINK_E630,c0:25:e9:7a:e6:2f,-62,2442
tp3,TP-LINK_E630,c0:25:e9:7a:e6:2f,-62,2442
tp3,TP-LINK_E630,c0:25:e9:7a:e6:2f,-62,2442
tp3,TP-LINK_E630,c0:25:e9:7a:e6:2f,-62,2442
tp3,TP-LINK_E630,c0:25:e9:7a:e6:2f,-62,2442
tp3,TP-LINK_E630,c0:25:e9:7a:e6:2f,-62,2442
tp3,TP-LINK_E630,c0:25:e9:7a:e6:2f,-62,2442
tp3,TP-LINK_E630,c0:25:e9:7a:e6:2f,-62,2442
tp3,TP-LINK_E630,c0:25:e9:7a:e6:2f,-62,2442
tp3,TP-LINK_E630,c0:25:e9:7a:e6:2f,-62,2442
tp3,TP-LINK_E630,c0:25:e9:7a:e6:2f,-62,2442
tp3,TP-LINK_E630,c0:25:e9:7a:e6:2f,-62,2442
tp3,TP-LINK_E630,c0:25:e9:7a:e6:2f,-62,2442
tp3,TP-LINK_E630,c0:25:e9:7a:e6:2f,-62,2442
tp3,TP-LINK_E630,c0:25:e9:7a:e6:2f,-62,2442
tp3,TP-LINK_E630,c0:25:e9:7a:e6:2f,-62,2442
tp3,TP-LINK_E630,c0:25:e9:7a:e6:2f,-62,2442
tp3,TP-LINK_E630,c0:25:e9:7a:e6:2f,-62,2442
tp3,TP-LINK_E630,c0:25:e9:7a:e6:2f,-62,2442
tp3,TP-LINK_E630,c0:25:e9:7a:e6:2f,-62,2442
tp3,TP-LINK_E630,c0:25:e9:7a:e6:2f,-62,2442
tp3,TP-LINK_E630,c0:25:e9:7a:e6:2f,-62,2442
tp3,TP-LINK_E630,c0:25:e9:7a:e6:2f,-62,2442
tp3,TP-LINK_E630,c0:25:e9:7a:e6:2f,-62,2442
tp3,TP-LINK_E630,c0:25:e9:7a:e6:2f,-62,2442
tp3,TP-LINK_E630,c0:25:e9:7a:e6:2f,-62,2442
tp3,TP-LINK_E630,c0:25:e9:7a:e6:2f,-62,2442
tp3,TP-LINK_E630,c0:25:e9:7a:e6:2f,-62,2442
tp3,TP-LINK_E630,c0:25:e9:7a:e6:2f,-62,2442
tp3,TP-LINK_E630,c0:25:e9:7a:e6:2f,-62,2442
tp3,TP-LINK_E630,c0:25:e9:7a:e6:2f,-62,2442
tp3,TP-LINK_E630,c0:25:e9:7a:e6:2f,-62,2442
tp3,TP-LINK_E630,c0:25:e9:7a:e6:2f,-62,2442
tp3,TP-LINK_E630,c0:25:e9:7a:e6:2f,-62,2442
tp3,TP-LINK_E630,c0:25:e9:7a:e6:2f,-62,2442
tp3,TP-LINK_E630,c0:25:e9:7a:e6:2f,-62,2442
tp3,TP-LINK_E630,c0:25:e9:7a:e6:2f,-62,2442
tp3,TP-LINK_E630,c0:25:e9:7a:e6:2f,-62,2442
tp3,TP-LINK_E630,c0:25:e9:7a:e6:2f,-62,2442
tp3,TP-LINK_E630,c0:25:e9:7a:e6:2f,-61,2442
tp3,TP-LINK_E630,c0:25:e9:7a:e6:2f,-61,2442
tp3,TP-LINK_E630,c0:25:e9:7a:e6:2f,-61,2442
tp3,TP-LINK_E630,c0:25:e9:7a:e6:2f,-61,2442
tp3,TP-LINK_E630,c0:25:e9:7a:e6:2f,-61,2442
tp3,TP-LINK_E630,c0:25:e9:7a:e6:2f,-61,2442
tp3,TP-LINK_E630,c0:25:e9:7a:e6:2f,-61,2442
tp3,TP-LINK_E630,c0:25:e9:7a:e6:2f,-61,2442
tp3,TP-LINK_E630,c0:25:e9:7a:e6:2f,-61,2442
tp3,TP-LINK_E630,c0:25:e9:7a:e6:2f,-61,2442
tp3,TP-LINK_E630,c0:25:e9:7a:e6:2f,-61,2442
tp3,TP-LINK_E630,c0:25:e9:7a:e6:2f,-61,2442
tp3,TP-LINK_E630,c0:25:e9:7a:e6:2f,-61,2442
tp3,TP-LINK_E630,c0:25:e9:7a:e6:2f,-61,2442
tp3,TP-LINK_E630,c0:25:e9:7a:e6:2f,-61,2442
tp3,TP-LINK_E630,c0:25:e9:7a:e6:2f,-61,2442
tp3,TP-LINK_E630,c0:25:e9:7a:e6:2f,-61,2442
tp3,TP-LINK_E630,c0:25:e9:7a:e6:2f,-61,2442
tp3,TP-LINK_E630,c0:25:e9:7a:e6:2f,-61,2442
tp3,TP-LINK_E630,c0:25:e9:7a:e6:2f,-61,2442
tp3,TP-LINK_E630,c0:25:e9:7a:e6:2f,-61,2442
tp3,TP-LINK_E630,c0:25:e9:7a:e6:2f,-61,2442
tp3,TP-LINK_E630,c0:25:e9:7a:e6:2f,-61,2442
tp3,TP-LINK_E630,c0:25:e9:7a:e6:2f,-61,2442
tp3,TP-LINK_E630,c0:25:e9:7a:e6:2f,-61,2442
tp3,TP-LINK_E630,c0:25:e9:7a:e6:2f,-61,2442
tp3,TP-LINK_E630,c0:25:e9:7a:e6:2f,-61,2442
tp3,TP-LINK_E630,c0:25:e9:7a:e6:2f,-61,2442
tp3,TP-LINK_E630,c0:25:e9:7a:e6:2f,-61,2442
tp3,TP-LINK_E630,c0:25:e9:7a:e6:2f,-61,2442
tp3,TP-LINK_E630,c0:25:e9:7a:e6:2f,-61,2442
tp3,TP-LINK_E630,c0:25:e9:7a:e6:2f,-61,2442
tp3,TP-LINK_E630,c0:25:e9:7a:e6:2f,-61,2442
tp3,TP-LINK_E630,c0:25:e9:7a:e6:2f,-61,2442
tp3,TP-LINK_E630,c0:25:e9:7a:e6:2f,-61,2442
tp3,TP-LINK_E630,c0:25:e9:7a:e6:2f,-61,2442
tp3,TP-LINK_E630,c0:25:e9:7a:e6:2f,-61,2442
tp3,TP-LINK_E630,c0:25:e9:7a:e6:2f,-61,2442
tp3,TP-LINK_E630,c0:25:e9:7a:e6:2f,-61,2442
tp3,TP-LINK_E630,c0:25:e9:7a:e6:2f,-61,2442
tp3,TP-LINK_E630,c0:25:e9:7a:e6:2f,-61,2442
tp3,TP-LINK_E630,c0:25:e9:7a:e6:2f,-61,2442
tp3,TP-LINK_E630,c0:25:e9:7a:e6:2f,-61,2442
tp3,TP-LINK_E630,c0:25:e9:7a:e6:2f,-61,2442
tp3,TP-LINK_E630,c0:25:e9:7a:e6:2f,-61,2442
tp3,TP-LINK_E630,c0:25:e9:7a:e6:2f,-61,2442
tp3,TP-LINK_E630,c0:25:e9:7a:e6:2f,-61,2442
tp3,TP-LINK_E630,c0:25:e9:7a:e6:2f,-61,2442
tp3,TP-LINK_E630,c0:25:e9:7a:e6:2f,-61,2442
tp3,TP-LINK_E630,c0:25:e9:7a:e6:2f,-61,2442
tp3,TP-LINK_E630,c0:25:e9:7a:e6:2f,-61,2442
tp3,TP-LINK_E630,c0:25:e9:7a:e6:2f,-61,2442
tp3,TP-LINK_E630,c0:25:e9:7a:e6:2f,-61,2442
tp3,TP-LINK_E630,c0:25:e9:7a:e6:2f,-61,2442
tp3,TP-LINK_E630,c0:25:e9:7a:e6:2f,-61,2442
tp3,TP-LINK_E630,c0:25:e9:7a:e6:2f,-61,2442
tp3,TP-LINK_E630,c0:25:e9:7a:e6:2f,-61,2442
tp3,TP-LINK_E630,c0:25:e9:7a:e6:2f,-61,2442
tp3,TP-LINK_E630,c0:25:e9:7a:e6:2f,-61,2442
tp3,TP-LINK_E630,c0:25:e9:7a:e6:2f,-61,2442
tp3,TP-LINK_E630,c0:25:e9:7a:e6:2f,-61,2442
tp3,TP-LINK_E630,c0:25:e9:7a:e6:2f,-61,2442
tp3,TP-LINK_E630,c0:25:e9:7a:e6:2f,-61,2442
tp3,TP-LINK_E630,c0:25:e9:7a:e6:2f,-61,2442
tp3,TP-LINK_E630,c0:25:e9:7a:e6:2f,-61,2442
tp3,TP-LINK_E630,c0:25:e9:7a:e6:2f,-61,2442
tp3,TP-LINK_E630,c0:25:e9:7a:e6:2f,-61,2442
tp3,TP-LINK_E630,c0:25:e9:7a:e6:2f,-61,2442
tp3,TP-LINK_E630,c0:25:e9:7a:e6:2f,-61,2442
tp3,TP-LINK_E630,c0:25:e9:7a:e6:2f,-61,2442
tp3,TP-LINK_E630,c0:25:e9:7a:e6:2f,-61,2442
tp3,TP-LINK_E630,c0:25:e9:7a:e6:2f,-61,2442
tp3,TP-LINK_E630,c0:25:e9:7a:e6:2f,-61,2442
tp3,TP-LINK_E630,c0:25:e9:7a:e6:2f,-61,2442
tp3,TP-LINK_E630,c0:25:e9:7a:e6:2f,-61,2442
tp3,TP-LINK_E630,c0:25:e9:7a:e6:2f,-61,2442
tp3,TP-LINK_E630,c0:25:e9:7a:e6:2f,-61,2442
tp3,TP-LINK_E630,c0:25:e9:7a:e6:2f,-61,2442
tp3,TP-LINK_E630,c0:25:e9:7a:e6:2f,-61,2442
tp3,TP-LINK_E630,c0:25:e9:7a:e6:2f,-61,2442
tp3,TP-LINK_E630,c0:25:e9:7a:e6:2f,-61,2442
tp3,TP-LINK_E630,c0:25:e9:7a:e6:2f,-61,2442
tp3,TP-LINK_E630,c0:25:e9:7a:e6:2f,-61,2442
tp3,TP-LINK_E630,c0:25:e9:7a:e6:2f,-61,2442
tp3,TP-LINK_E630,c0:25:e9:7a:e6:2f,-61,2442
tp3,TP-LINK_E630,c0:25:e9:7a:e6:2f,-61,2442
tp3,TP-LINK_E630,c0:25:e9:7a:e6:2f,-61,2442
tp3,TP-LINK_E630,c0:25:e9:7a:e6:2f,-61,2442
tp3,TP-LINK_E630,c0:25:e9:7a:e6:2f,-61,2442
tp3,TP-LINK_E630,c0:25:e9:7a:e6:2f,-61,2442
tp3,TP-LINK_E630,c0:25:e9:7a:e6:2f,-61,2442
tp3,TP-LINK_E630,c0:25:e9:7a:e6:2f,-61,2442
tp3,TP-LINK_E630,c0:25:e9:7a:e6:2f,-61,2442
tp3,TP-LINK_E630,c0:25:e9:7a:e6:2f,-61,2442
tp3,TP-LINK_E630,c0:25:e9:7a:e6:2f,-61,2442
tp3,TP-LINK_E630,c0:25:e9:7a:e6:2f,-61,2442
tp3,TP-LINK_E630,c0:25:e9:7a:e6:2f,-61,2442
tp3,TP-LINK_E630,c0:25:e9:7a:e6:2f,-61,2442
tp3,TP-LINK_E630,c0:25:e9:7a:e6:2f,-61,2442
tp3,TP-LINK_E630,c0:25:e9:7a:e6:2f,-61,2442
tp3,TP-LINK_E630,c0:25:e9:7a:e6:2f,-61,2442
tp3,TP-LINK_E630,c0:25:e9:7a:e6:2f,-61,2442
tp3,TP-LINK_E630,c0:25:e9:7a:e6:2f,-61,2442
tp3,TP-LINK_E630,c0:25:e9:7a:e6:2f,-61,2442
tp3,TP-LINK_E630,c0:25:e9:7a:e6:2f,-61,2442
tp3,TP-LINK_E630,c0:25:e9:7a:e6:2f,-61,2442
tp3,TP-LINK_E630,c0:25:e9:7a:e6:2f,-61,2442
tp3,TP-LINK_E630,c0:25:e9:7a:e6:2f,-61,2442
tp3,TP-LINK_E630,c0:25:e9:7a:e6:2f,-61,2442
tp3,TP-LINK_E630,c0:25:e9:7a:e6:2f,-61,2442
tp3,TP-LINK_E630,c0:25:e9:7a:e6:2f,-61,2442
tp3,TP-LINK_E630,c0:25:e9:7a:e6:2f,-61,2442
tp3,TP-LINK_E630,c0:25:e9:7a:e6:2f,-61,2442
tp3,TP-LINK_E630,c0:25:e9:7a:e6:2f,-61,2442
tp3,TP-LINK_E630,c0:25:e9:7a:e6:2f,-61,2442
tp3,TP-LINK_E630,c0:25:e9:7a:e6:2f,-61,2442
tp3,TP-LINK_E630,c0:25:e9:7a:e6:2f,-61,2442
tp3,TP-LINK_E630,c0:25:e9:7a:e6:2f,-61,2442
tp3,TP-LINK_E630,c0:25:e9:7a:e6:2f,-61,2442
tp3,TP-LINK_E630,c0:25:e9:7a:e6:2f,-61,2442
tp3,TP-LINK_E630,c0:25:e9:7a:e6:2f,-61,2442
tp3,TP-LINK_E630,c0:25:e9:7a:e6:2f,-61,2442
tp3,TP-LINK_E630,c0:25:e9:7a:e6:2f,-61,2442
tp3,TP-LINK_E630,c0:25:e9:7a:e6:2f,-61,2442
tp3,TP-LINK_E630,c0:25:e9:7a:e6:2f,-61,2442
tp3,TP-LINK_E630,c0:25:e9:7a:e6:2f,-61,2442
tp3,TP-LINK_E630,c0:25:e9:7a:e6:2f,-61,2442
tp3,TP-LINK_E630,c0:25:e9:7a:e6:2f,-61,2442
tp3,TP-LINK_E630,c0:25:e9:7a:e6:2f,-61,2442
tp3,TP-LINK_E630,c0:25:e9:7a:e6:2f,-61,2442
tp3,TP-LINK_E630,c0:25:e9:7a:e6:2f,-61,2442
tp3,TP-LINK_E630,c0:25:e9:7a:e6:2f,-61,2442
tp3,TP-LINK_E630,c0:25:e9:7a:e6:2f,-61,2442
tp3,TP-LINK_E630,c0:25:e9:7a:e6:2f,-61,2442
tp3,TP-LINK_E630,c0:25:e9:7a:e6:2f,-61,2442
tp3,TP-LINK_E630,c0:25:e9:7a:e6:2f,-61,2442
tp3,TP-LINK_E630,c0:25:e9:7a:e6:2f,-61,2442
tp3,TP-LINK_E630,c0:25:e9:7a:e6:2f,-61,2442
tp3,TP-LINK_E630,c0:25:e9:7a:e6:2f,-61,2442
tp3,TP-LINK_E630,c0:25:e9:7a:e6:2f,-61,2442
tp3,TP-LINK_E630,c0:25:e9:7a:e6:2f,-61,2442
tp3,TP-LINK_E630,c0:25:e9:7a:e6:2f,-61,2442
tp3,TP-LINK_E630,c0:25:e9:7a:e6:2f,-61,2442
tp3,TP-LINK_E630,c0:25:e9:7a:e6:2f,-61,2442
tp3,TP-LINK_E630,c0:25:e9:7a:e6:2f,-61,2442
tp3,TP-LINK_E630,c0:25:e9:7a:e6:2f,-61,2442
tp3,TP-LINK_E630,c0:25:e9:7a:e6:2f,-61,2442
tp3,TP-LINK_E630,c0:25:e9:7a:e6:2f,-61,2442
tp3,TP-LINK_E630,c0:25:e9:7a:e6:2f,-61,2442
tp3,TP-LINK_E630,c0:25:e9:7a:e6:2f,-61,2442
tp3,TP-LINK_E630,c0:25:e9:7a:e6:2f,-61,2442
tp3,TP-LINK_E630,c0:25:e9:7a:e6:2f,-61,2442
tp3,TP-LINK_E630,c0:25:e9:7a:e6:2f,-61,2442
tp3,TP-LINK_E630,c0:25:e9:7a:e6:2f,-61,2442
tp3,TP-LINK_E630,c0:25:e9:7a:e6:2f,-61,2442
tp3,TP-LINK_E630,c0:25:e9:7a:e6:2f,-61,2442
tp3,TP-LINK_E630,c0:25:e9:7a:e6:2f,-61,2442
tp3,TP-LINK_E630,c0:25:e9:7a:e6:2f,-61,2442
tp3,TP-LINK_E630,c0:25:e9:7a:e6:2f,-61,2442
tp3,TP-LINK_E630,c0:25:e9:7a:e6:2f,-61,2442
tp3,TP-LINK_E630,c0:25:e9:7a:e6:2f,-61,2442
tp3,TP-LINK_E630,c0:25:e9:7a:e6:2f,-61,2442
tp3,TP-LINK_E630,c0:25:e9:7a:e6:2f,-61,2442
tp3,TP-LINK_E630,c0:25:e9:7a:e6:2f,-61,2442
tp3,TP-LINK_E630,c0:25:e9:7a:e6:2f,-61,2442
tp3,TP-LINK_E630,c0:25:e9:7a:e6:2f,-61,2442
tp3,TP-LINK_E630,c0:25:e9:7a:e6:2f,-61,2442
tp3,TP-LINK_E630,c0:25:e9:7a:e6:2f,-61,2442
tp3,TP-LINK_E630,c0:25:e9:7a:e6:2f,-61,2442
tp3,TP-LINK_E630,c0:25:e9:7a:e6:2f,-61,2442
tp3,TP-LINK_E630,c0:25:e9:7a:e6:2f,-61,2442
tp3,TP-LINK_E630,c0:25:e9:7a:e6:2f,-61,2442
tp3,TP-LINK_E630,c0:25:e9:7a:e6:2f,-61,2442
tp3,TP-LINK_E630,c0:25:e9:7a:e6:2f,-61,2442
tp3,TP-LINK_E630,c0:25:e9:7a:e6:2f,-61,2442
tp3,TP-LINK_E630,c0:25:e9:7a:e6:2f,-61,2442
tp3,TP-LINK_E630,c0:25:e9:7a:e6:2f,-61,2442
tp3,TP-LINK_E630,c0:25:e9:7a:e6:2f,-61,2442
tp3,TP-LINK_E630,c0:25:e9:7a:e6:2f,-61,2442
tp3,TP-LINK_E630,c0:25:e9:7a:e6:2f,-61,2442
tp3,TP-LINK_E630,c0:25:e9:7a:e6:2f,-61,2442
tp3,TP-LINK_E630,c0:25:e9:7a:e6:2f,-61,2442
tp3,TP-LINK_E630,c0:25:e9:7a:e6:2f,-61,2442
tp3,TP-LINK_E630,c0:25:e9:7a:e6:2f,-61,2442
tp3,TP-LINK_E630,c0:25:e9:7a:e6:2f,-61,2442
tp3,TP-LINK_E630,c0:25:e9:7a:e6:2f,-61,2442
tp3,TP-LINK_E630,c0:25:e9:7a:e6:2f,-61,2442
tp3,TP-LINK_E630,c0:25:e9:7a:e6:2f,-61,2442
tp3,TP-LINK_E630,c0:25:e9:7a:e6:2f,-61,2442
tp3,TP-LINK_E630,c0:25:e9:7a:e6:2f,-61,2442
tp3,TP-LINK_E630,c0:25:e9:7a:e6:2f,-61,2442
tp3,TP-LINK_E630,c0:25:e9:7a:e6:2f,-61,2442
tp3,TP-LINK_E630,c0:25:e9:7a:e6:2f,-61,2442
tp3,TP-LINK_E630,c0:25:e9:7a:e6:2f,-61,2442
tp3,TP-LINK_E630,c0:25:e9:7a:e6:2f,-61,2442
tp3,TP-LINK_E630,c0:25:e9:7a:e6:2f,-61,2442
tp3,TP-LINK_E630,c0:25:e9:7a:e6:2f,-61,2442
tp3,TP-LINK_E630,c0:25:e9:7a:e6:2f,-61,2442
tp3,TP-LINK_E630,c0:25:e9:7a:e6:2f,-61,2442
tp3,TP-LINK_E630,c0:25:e9:7a:e6:2f,-61,2442
tp3,TP-LINK_E630,c0:25:e9:7a:e6:2f,-61,2442
tp3,TP-LINK_E630,c0:25:e9:7a:e6:2f,-61,2442
tp3,TP-LINK_E630,c0:25:e9:7a:e6:2f,-61,2442
tp3,TP-LINK_E630,c0:25:e9:7a:e6:2f,-61,2442
tp3,TP-LINK_E630,c0:25:e9:7a:e6:2f,-61,2442
tp3,TP-LINK_E630,c0:25:e9:7a:e6:2f,-61,2442
tp3,TP-LINK_E630,c0:25:e9:7a:e6:2f,-61,2442
tp3,TP-LINK_E630,c0:25:e9:7a:e6:2f,-61,2442
tp3,TP-LINK_E630,c0:25:e9:7a:e6:2f,-61,2442
tp3,TP-LINK_E630,c0:25:e9:7a:e6:2f,-61,2442
tp3,TP-LINK_E630,c0:25:e9:7a:e6:2f,-61,2442
tp3,TP-LINK_E630,c0:25:e9:7a:e6:2f,-61,2442
tp3,TP-LINK_E630,c0:25:e9:7a:e6:2f,-61,2442
tp3,TP-LINK_E630,c0:25:e9:7a:e6:2f,-61,2442
tp3,TP-LINK_E630,c0:25:e9:7a:e6:2f,-61,2442
tp3,TP-LINK_E630,c0:25:e9:7a:e6:2f,-61,2442
tp3,TP-LINK_E630,c0:25:e9:7a:e6:2f,-61,2442
tp3,TP-LINK_E630,c0:25:e9:7a:e6:2f,-61,2442
tp3,TP-LINK_E630,c0:25:e9:7a:e6:2f,-61,2442
tp3,TP-LINK_E630,c0:25:e9:7a:e6:2f,-61,2442
tp3,TP-LINK_E630,c0:25:e9:7a:e6:2f,-61,2442
tp3,TP-LINK_E630,c0:25:e9:7a:e6:2f,-61,2442
tp3,TP-LINK_E630,c0:25:e9:7a:e6:2f,-61,2442
tp3,TP-LINK_E630,c0:25:e9:7a:e6:2f,-61,2442
tp3,TP-LINK_E630,c0:25:e9:7a:e6:2f,-61,2442
tp3,TP-LINK_E630,c0:25:e9:7a:e6:2f,-61,2442
tp3,TP-LINK_E630,c0:25:e9:7a:e6:2f,-61,2442
tp3,TP-LINK_E630,c0:25:e9:7a:e6:2f,-61,2442
tp3,TP-LINK_E630,c0:25:e9:7a:e6:2f,-61,2442
tp3,TP-LINK_E630,c0:25:e9:7a:e6:2f,-61,2442
tp3,TP-LINK_E630,c0:25:e9:7a:e6:2f,-61,2442
tp3,TP-LINK_E630,c0:25:e9:7a:e6:2f,-61,2442
tp3,TP-LINK_E630,c0:25:e9:7a:e6:2f,-61,2442
tp3,TP-LINK_E630,c0:25:e9:7a:e6:2f,-61,2442
tp3,TP-LINK_E630,c0:25:e9:7a:e6:2f,-61,2442
tp3,TP-LINK_E630,c0:25:e9:7a:e6:2f,-61,2442
tp3,TP-LINK_E630,c0:25:e9:7a:e6:2f,-61,2442
tp3,TP-LINK_E630,c0:25:e9:7a:e6:2f,-61,2442
tp3,TP-LINK_E630,c0:25:e9:7a:e6:2f,-61,2442
tp3,TP-LINK_E630,c0:25:e9:7a:e6:2f,-61,2442
tp3,TP-LINK_E630,c0:25:e9:7a:e6:2f,-61,2442
tp3,TP-LINK_E630,c0:25:e9:7a:e6:2f,-61,2442
tp3,TP-LINK_E630,c0:25:e9:7a:e6:2f,-61,2442
tp3,TP-LINK_E630,c0:25:e9:7a:e6:2f,-61,2442
tp3,TP-LINK_E630,c0:25:e9:7a:e6:2f,-61,2442
tp3,TP-LINK_E630,c0:25:e9:7a:e6:2f,-61,2442
tp3,TP-LINK_E630,c0:25:e9:7a:e6:2f,-61,2442
tp3,TP-LINK_E630,c0:25:e9:7a:e6:2f,-61,2442
tp3,TP-LINK_E630,c0:25:e9:7a:e6:2f,-61,2442
tp3,TP-LINK_E630,c0:25:e9:7a:e6:2f,-61,2442
tp3,TP-LINK_E630,c0:25:e9:7a:e6:2f,-61,2442
tp3,TP-LINK_E630,c0:25:e9:7a:e6:2f,-61,2442
tp3,TP-LINK_E630,c0:25:e9:7a:e6:2f,-61,2442
tp3,TP-LINK_E630,c0:25:e9:7a:e6:2f,-61,2442
tp3,TP-LINK_E630,c0:25:e9:7a:e6:2f,-61,2442
tp3,TP-LINK_E630,c0:25:e9:7a:e6:2f,-61,2442
tp3,TP-LINK_E630,c0:25:e9:7a:e6:2f,-61,2442
tp3,TP-LINK_E630,c0:25:e9:7a:e6:2f,-59,2442
tp3,TP-LINK_E630,c0:25:e9:7a:e6:2f,-59,2442
tp3,TP-LINK_E630,c0:25:e9:7a:e6:2f,-59,2442
tp3,TP-LINK_E630,c0:25:e9:7a:e6:2f,-59,2442
tp3,TP-LINK_E630,c0:25:e9:7a:e6:2f,-59,2442
tp3,TP-LINK_E630,c0:25:e9:7a:e6:2f,-59,2442
tp3,TP-LINK_E630,c0:25:e9:7a:e6:2f,-59,2442
tp3,TP-LINK_E630,c0:25:e9:7a:e6:2f,-59,2442
tp3,TP-LINK_E630,c0:25:e9:7a:e6:2f,-59,2442
tp3,TP-LINK_E630,c0:25:e9:7a:e6:2f,-59,2442
tp3,TP-LINK_E630,c0:25:e9:7a:e6:2f,-59,2442
tp3,TP-LINK_E630,c0:25:e9:7a:e6:2f,-59,2442
tp3,TP-LINK_E630,c0:25:e9:7a:e6:2f,-59,2442
tp3,TP-LINK_E630,c0:25:e9:7a:e6:2f,-59,2442
tp3,TP-LINK_E630,c0:25:e9:7a:e6:2f,-59,2442
tp3,TP-LINK_E630,c0:25:e9:7a:e6:2f,-59,2442
tp3,TP-LINK_E630,c0:25:e9:7a:e6:2f,-59,2442
tp3,TP-LINK_E630,c0:25:e9:7a:e6:2f,-59,2442
tp3,TP-LINK_E630,c0:25:e9:7a:e6:2f,-59,2442
tp3,TP-LINK_E630,c0:25:e9:7a:e6:2f,-59,2442
tp3,TP-LINK_E630,c0:25:e9:7a:e6:2f,-59,2442
tp3,TP-LINK_E630,c0:25:e9:7a:e6:2f,-59,2442
tp3,TP-LINK_E630,c0:25:e9:7a:e6:2f,-59,2442
tp3,TP-LINK_E630,c0:25:e9:7a:e6:2f,-59,2442
tp3,TP-LINK_E630,c0:25:e9:7a:e6:2f,-59,2442
tp3,TP-LINK_E630,c0:25:e9:7a:e6:2f,-59,2442
tp3,TP-LINK_E630,c0:25:e9:7a:e6:2f,-59,2442
tp3,TP-LINK_E630,c0:25:e9:7a:e6:2f,-59,2442
tp3,TP-LINK_E630,c0:25:e9:7a:e6:2f,-59,2442
tp3,TP-LINK_E630,c0:25:e9:7a:e6:2f,-59,2442
tp3,TP-LINK_E630,c0:25:e9:7a:e6:2f,-59,2442
tp3,TP-LINK_E630,c0:25:e9:7a:e6:2f,-59,2442
tp3,TP-LINK_E630,c0:25:e9:7a:e6:2f,-59,2442
tp3,TP-LINK_E630,c0:25:e9:7a:e6:2f,-59,2442
tp3,TP-LINK_E630,c0:25:e9:7a:e6:2f,-59,2442
tp3,TP-LINK_E630,c0:25:e9:7a:e6:2f,-59,2442
tp3,TP-LINK_E630,c0:25:e9:7a:e6:2f,-59,2442
tp3,TP-LINK_E630,c0:25:e9:7a:e6:2f,-59,2442
tp3,TP-LINK_E630,c0:25:e9:7a:e6:2f,-59,2442
tp3,TP-LINK_E630,c0:25:e9:7a:e6:2f,-59,2442
tp3,TP-LINK_E630,c0:25:e9:7a:e6:2f,-59,2442
tp3,TP-LINK_E630,c0:25:e9:7a:e6:2f,-59,2442
tp3,TP-LINK_E630,c0:25:e9:7a:e6:2f,-59,2442
tp3,TP-LINK_E630,c0:25:e9:7a:e6:2f,-59,2442
tp3,TP-LINK_E630,c0:25:e9:7a:e6:2f,-59,2442
tp3,TP-LINK_E630,c0:25:e9:7a:e6:2f,-59,2442
tp3,TP-LINK_E630,c0:25:e9:7a:e6:2f,-59,2442
tp3,TP-LINK_E630,c0:25:e9:7a:e6:2f,-59,2442
tp3,TP-LINK_E630,c0:25:e9:7a:e6:2f,-59,2442
tp3,TP-LINK_E630,c0:25:e9:7a:e6:2f,-59,2442
tp3,TP-LINK_E630,c0:25:e9:7a:e6:2f,-59,2442
tp3,TP-LINK_E630,c0:25:e9:7a:e6:2f,-59,2442
tp3,TP-LINK_E630,c0:25:e9:7a:e6:2f,-59,2442
tp3,TP-LINK_E630,c0:25:e9:7a:e6:2f,-59,2442
tp3,TP-LINK_E630,c0:25:e9:7a:e6:2f,-59,2442
tp3,TP-LINK_E630,c0:25:e9:7a:e6:2f,-59,2442
tp3,TP-LINK_E630,c0:25:e9:7a:e6:2f,-59,2442
tp3,TP-LINK_E630,c0:25:e9:7a:e6:2f,-59,2442
tp3,TP-LINK_E630,c0:25:e9:7a:e6:2f,-59,2442
tp3,TP-LINK_E630,c0:25:e9:7a:e6:2f,-59,2442
tp3,TP-LINK_E630,c0:25:e9:7a:e6:2f,-59,2442
tp3,TP-LINK_E630,c0:25:e9:7a:e6:2f,-59,2442
tp3,TP-LINK_E630,c0:25:e9:7a:e6:2f,-59,2442
tp3,TP-LINK_E630,c0:25:e9:7a:e6:2f,-59,2442
tp3,TP-LINK_E630,c0:25:e9:7a:e6:2f,-59,2442
tp3,TP-LINK_E630,c0:25:e9:7a:e6:2f,-59,2442
tp3,TP-LINK_E630,c0:25:e9:7a:e6:2f,-59,2442
tp3,TP-LINK_E630,c0:25:e9:7a:e6:2f,-59,2442
tp3,TP-LINK_E630,c0:25:e9:7a:e6:2f,-59,2442
tp3,TP-LINK_E630,c0:25:e9:7a:e6:2f,-59,2442
tp3,TP-LINK_E630,c0:25:e9:7a:e6:2f,-59,2442
tp3,TP-LINK_E630,c0:25:e9:7a:e6:2f,-59,2442
tp3,TP-LINK_E630,c0:25:e9:7a:e6:2f,-59,2442
tp3,TP-LINK_E630,c0:25:e9:7a:e6:2f,-59,2442
tp3,TP-LINK_E630,c0:25:e9:7a:e6:2f,-59,2442
tp3,TP-LINK_E630,c0:25:e9:7a:e6:2f,-59,2442
tp3,TP-LINK_E630,c0:25:e9:7a:e6:2f,-59,2442
tp3,TP-LINK_E630,c0:25:e9:7a:e6:2f,-59,2442
tp3,TP-LINK_E630,c0:25:e9:7a:e6:2f,-59,2442
tp3,TP-LINK_E630,c0:25:e9:7a:e6:2f,-59,2442
tp3,TP-LINK_E630,c0:25:e9:7a:e6:2f,-59,2442
tp3,TP-LINK_E630,c0:25:e9:7a:e6:2f,-59,2442
tp3,TP-LINK_E630,c0:25:e9:7a:e6:2f,-59,2442
tp3,TP-LINK_E630,c0:25:e9:7a:e6:2f,-59,2442
tp3,TP-LINK_E630,c0:25:e9:7a:e6:2f,-59,2442
tp3,TP-LINK_E630,c0:25:e9:7a:e6:2f,-59,2442
tp3,TP-LINK_E630,c0:25:e9:7a:e6:2f,-59,2442
tp3,TP-LINK_E630,c0:25:e9:7a:e6:2f,-59,2442
tp3,TP-LINK_E630,c0:25:e9:7a:e6:2f,-59,2442
tp3,TP-LINK_E630,c0:25:e9:7a:e6:2f,-59,2442
tp3,TP-LINK_E630,c0:25:e9:7a:e6:2f,-59,2442
tp3,TP-LINK_E630,c0:25:e9:7a:e6:2f,-59,2442
tp3,TP-LINK_E630,c0:25:e9:7a:e6:2f,-61,2442
tp3,TP-LINK_E630,c0:25:e9:7a:e6:2f,-61,2442
tp3,TP-LINK_E630,c0:25:e9:7a:e6:2f,-61,2442
tp3,TP-LINK_E630,c0:25:e9:7a:e6:2f,-61,2442
tp3,TP-LINK_E630,c0:25:e9:7a:e6:2f,-61,2442
tp3,TP-LINK_E630,c0:25:e9:7a:e6:2f,-61,2442
tp3,TP-LINK_E630,c0:25:e9:7a:e6:2f,-61,2442
tp3,TP-LINK_E630,c0:25:e9:7a:e6:2f,-61,2442
tp3,TP-LINK_E630,c0:25:e9:7a:e6:2f,-61,2442
tp3,TP-LINK_E630,c0:25:e9:7a:e6:2f,-61,2442
tp3,TP-LINK_E630,c0:25:e9:7a:e6:2f,-61,2442
tp3,TP-LINK_E630,c0:25:e9:7a:e6:2f,-61,2442
tp3,TP-LINK_E630,c0:25:e9:7a:e6:2f,-61,2442
tp3,TP-LINK_E630,c0:25:e9:7a:e6:2f,-61,2442
tp3,TP-LINK_E630,c0:25:e9:7a:e6:2f,-61,2442
tp3,TP-LINK_E630,c0:25:e9:7a:e6:2f,-61,2442
tp3,TP-LINK_E630,c0:25:e9:7a:e6:2f,-61,2442
tp3,TP-LINK_E630,c0:25:e9:7a:e6:2f,-61,2442
tp3,TP-LINK_E630,c0:25:e9:7a:e6:2f,-61,2442
tp3,TP-LINK_E630,c0:25:e9:7a:e6:2f,-61,2442
